Workbook

Sheet Project Registry
A1: Project ID | B1: Project Name | C1: Country | D1: Region | E1: Project Type | F1: Ecosystem | G1: Standard | H1: Project Stage | I1: Start Date | J1: End Date | K1: Total Hectares | L1: Estimated Annual Credits (tCO2e) | M1: Total Lifetime Credits (tCO2e) | N1: Credits Issued to Date | O1: Credits Retired | P1: Credits Available | Q1: Project Lead | R1: Last Updated | S1: Notes
A2: CP-001 | B2: Amazon Boundary Forest | C2: Brazil | D2: Latin America | E2: REDD+ | F2: Tropical Forest | G2: Verra VCS | H2: Credits Issued | I2: 01/01/2020 | J2: 31/12/2049 | K2: 125000 | L2: 48000 | M2: 1440000 | N2: 144000 | O2: 86400 | P2: =N2-O2 -> 57600 | Q2: Maria Santos
A3: CP-002 | B3: Zambezi Delta Wetlands | C3: Mozambique | D3: Africa | E3: Wetland Restoration | F3: Wetland | G3: Gold Standard | H3: Verification | I3: 01/06/2021 | J3: 31/05/2051 | K3: 42000 | L3: 18500 | M3: 555000 | N3: 37000 | O3: 18500 | P3: =N3-O3 -> 18500 | Q3: James Okafor
A4: CP-003 | B4: Sundarbans Mangrove | C4: Bangladesh | D4: Asia Pacific | E4: Blue Carbon | F4: Mangrove | G4: Verra VCS | H4: Credits Issued | I4: 01/03/2019 | J4: 28/02/2049 | K4: 31000 | L4: 22000 | M4: 660000 | N4: 110000 | O4: 77000 | P4: =N4-O4 -> 33000 | Q4: Priya Nair
A5: CP-004 | B5: Congo Basin IFM | C5: DRC | D5: Africa | E5: Improved Forest Management | F5: Tropical Forest | G5: American Carbon Registry | H5: Validation | I5: 15/09/2022 | J5: 14/09/2052 | K5: 280000 | L5: 95000 | M5: 2850000 | N5: 0 | O5: 0 | P5: =N5-O5 -> 0 | Q5: Awande Duma
A6: CP-005 | B6: Patagonia Grasslands | C6: Argentina | D6: Latin America | E6: Grassland Management | F6: Grassland | G6: Climate Action Reserve | H6: Registered | I6: 01/01/2023 | J6: 31/12/2052 | K6: 68000 | L6: 12000 | M6: 360000 | N6: 0 | O6: 0 | P6: =N6-O6 -> 0 | Q6: Carlos Mendez
A7: CP-006 | B7: Scottish Peatland Restoration | C7: United Kingdom | D7: Europe | E7: Improved Forest Management | F7: Peatland | G7: Gold Standard | H7: Credits Issued | I7: 01/04/2018 | J7: 31/03/2048 | K7: 8500 | L7: 6200 | M7: 186000 | N7: 49600 | O7: 43400 | P7: =N7-O7 -> 6200 | Q7: Fiona MacLeod
A8: CP-007 | B8: Mekong Delta Blue Carbon | C8: Vietnam | D8: Asia Pacific | E8: Blue Carbon | F8: Mangrove | G8: Plan Vivo | H8: Development | I8: 01/07/2023 | J8: 30/06/2053 | K8: 19000 | L8: 14500 | M8: 43500 | N8: 0 | O8: 0 | P8: =N8-O8 -> 0 | Q8: Linh Nguyen
A9: CP-008 | B9: West African Agroforestry | C9: Ghana | D9: Africa | E9: Agroforestry | F9: Tropical Forest | G9: Verra VCS | H9: Registered | I9: 01/02/2022 | J9: 31/01/2052 | K9: 52000 | L9: 28000 | M9: 840000 | N9: 0 | O9: 0 | P9: =N9-O9 -> 0 | Q9: Kwame Asante

Sheet Credit Issuance Tracker
A1: Transaction ID | B1: Project ID | C1: Project Name | D1: Transaction Type | E1: Transaction Date | F1: Volume (tCO2e) | G1: Vintage Year | H1: Buyer or Recipient | I1: Transaction Value (USD) | J1: Price per Credit | K1: Verifiction Body | L1: Serial Number Range | M1: Status | N1: Notes
A2: TXN - 001 | B2: CP-001 | C2: Amazon Boundary Forest | D2: Issuance | E2: 15/03/2021 | F2: 48000 | G2: 2020 | H2: Carbon Pool | I2: 960000 | J2: =IF(F2>0,I2/F2,0) -> 20 | K2: Bureau Veritas | M2: Confirmed
A3: TXN - 002 | B3: CP-002 | C3: Amazon Boundary Forest | D3: Retirement | E3: 22/06/2021 | F3: 28800 | G3: 2020 | H3: Microsoft Corporation | I3: 633600 | J3: =IF(F3>0,I3/F3,0) -> 22 | K3: Bureau Veritas | M3: Confirmed
A4: TXN - 003 | B4: CP-003 | C4: Sundarbans Mangrove | D4: Issuance | E4: 01/04/2020 | F4: 22000 | G4: 2019 | H4: Carbon Pool | I4: 396000 | J4: =IF(F4>0,I4/F4,0) -> 18 | K4: DNV | M4: Confirmed
A5: TXN - 004 | B5: CP-004 | C5: Sundarbans Mangrove | D5: Retirement | E5: 15/09/2020 | F5: 15400 | G5: 2019 | H5: Shell International | I5: 307692 | J5: =IF(F5>0,I5/F5,0) -> 19.98 | K5: DNV | M5: Confirmed
A6: TXN - 005 | B6: CP-005 | C6: Scottish Peatland Restoration | D6: Issuance | E6: 01/07/2019 | F6: 6200 | G6: 2018 | H6: Carbon Pool | I6: 186000 | J6: =IF(F6>0,I6/F6,0) -> 30 | K6: SGS | M6: Confirmed
A7: TXN - 006 | B7: CP-006 | C7: Scottish Peatland Restoration | D7: Retirement | E7: 30/11/2019 | F7: 5580 | G7: 2018 | H7: Unilever PLC | I7: 184140 | J7: =IF(F7>0,I7/F7,0) -> 33 | K7: SGS | M7: Confirmed
A8: TXN - 007 | B8: CP-007 | C8: Amazon Boundary Forest | D8: Issuance | E8: 01/03/2022 | F8: 48000 | G8: 2021 | H8: Carbon Pool | I8: 1056000 | J8: =IF(F8>0,I8/F8,0) -> 22 | K8: Bureau Veritas | M8: Confirmed
A9: TXN - 008 | B9: CP-008 | C9: Amazon Boundary Forest | D9: Retirement | E9: 14/08/2022 | F9: 33600 | G9: 2021 | H9: Apple Inc | I9: 806400 | J9: =IF(F9>0,I9/F9,0) -> 24 | K9: Bureau Veritas | M9: Confirmed
A10: TXN - 009 | B10: CP-009 | C10: Sundarbans Mangrove | D10: Issuance | E10: 15/04/2021 | F10: 22000 | G10: 2020 | H10: Carbon Pool | I10: 440000 | J10: =IF(F10>0,I10/F10,0) -> 20 | K10: DNV | M10: Confirmed
A11: TXN - 010 | B11: CP-010 | C11: Zambezi Delta Wetlands | D11: Issuance | E11: 01/10/2022 | F11: 18500 | G11: 2021 | H11: Carbon Pool | I11: 370000 | J11: =IF(F11>0,I11/F11,0) -> 20 | K11: SCS Global | M11: Pending

Sheet KPI Dashboard
A1: TNC Carbon Markets - Portfolio KPI Dashboard
A3: Last Updated: | B3: =TODAY() -> 46131
O6: KPI | P6: Value
O7: Total Projects in Portfolio | P7: {=COUNTA('Project Registry'!A:S9-COUNTBLANK('Project Registry'!A1:S9))} -> 1
O8: Projects with Credits Issued | P8: =COUNTIF('Project Registry'!H1:H9,"Credits Issued") -> 3
O9: Projects in Development or Validation | P9: =COUNTIFS('Project Registry'!H2:H100,"Development")+COUNTIFS('Project Registry'!H2:H100,"Validation")+COUNTIFS('Project Registry'!H2:H100,"Registered") -> 4
O10: Total Credits Issued (tCO2e) | P10: =SUM('Project Registry'!N2:N100) -> 340600
O11: Total Credits Retired (tCO2e) | P11: =SUM('Project Registry'!O2:O100) -> 225300
O12: Total Credits Available (tCO2e) | P12: =SUM('Project Registry'!P2:P100) -> 115300
O13: Retirement Rate (%) | P13: =IF(P10>0,P11/P10,0) -> 0.66147974
O14: Total Estimated Lifetime Credits (tCO2e) | P14: =SUM('Project Registry'!M2:M100) -> 6934500
O15: Total Transaction Value (USD) | P15: =SUMIF('Credit Issuance Tracker'!D2:D100,"Retirement",'Credit Issuance Tracker'!I2:I100) -> 1931832
O16: Average Price per Credit Retired (USD) | P16: =IF(P11>0,P16/P11,0) -> 0
O17: Projects by Verra VCS | P17: =COUNTIF('Project Registry'!G2:G100,"Verra VCS") -> 3
O18: Projects by Gold Standard | P18: =COUNTIF('Project Registry'!G2:G100,"Gold Standard") -> 2
O19: Africa Projects | P19: =COUNTIF('Project Registry'!D2:D100,"Africa") -> 3
O20: Latin America Projects | P20: =COUNTIF('Project Registry'!D2:D100,"Latin America") -> 2
O21: Asia Pacific Projects | P21: =COUNTIF('Project Registry'!D2:D100,"Asia Pacific Projects") -> 0
O25: Region | P25: Count
O26: Africa | P26: =COUNTIF('Project Registry'!D2:D100,"Africa") -> 3
O27: Latin America | P27: =COUNTIF('Project Registry'!D2:D100,"Latin America") -> 2
O28: Asia Pacific | P28: =COUNTIF('Project Registry'!D2:D100,"Asia Pacific") -> 2
O29: Europe | P29: =COUNTIF('Project Registry'!D2:D100,"Europe") -> 1
U31: Stage | V31: Count
U32: Development | V32: =COUNTIF('Project Registry'!H2:H100,"Development") -> 1
O33: Project Name | P33: Credits Issued | Q33: Credits Retired | U33: Validation | V33: =COUNTIF('Project Registry'!H2:H100,"Validation") -> 1
O34: Amazon Boundary Forest | P34: 144000 | Q34: 86400 | U34: Registered | V34: =COUNTIF('Project Registry'!H2:H100,"Registered") -> 2
O35: Sundarbans Mangrove | P35: 110000 | Q35: 77000 | U35: Verification | V35: =COUNTIF('Project Registry'!H2:H100,"Verification") -> 1
O36: Scottish Peatland | P36: 49600 | Q36: 43400 | U36: Credit Issued | V36: =COUNTIF('Project Registry'!H2:H100,"Credits Issued") -> 3
O37: Zambezi Delta | P37: 37000 | Q37: 18500 | U37: On Hold | V37: =COUNTIF('Project Registry'!H2:H100,"On Hold") -> 0
U38: Cancelled | V38: =COUNTIF('Project Registry'!H2:H100,"Cancelled") -> 0

Sheet Risk and Milestone Tracker
A1: Project ID | B1: Project Name | C1: Milestone | D1: Due Date | E1: Status | F1: Days Overdue | G1: Risk Level | H1: Risk Description | I1: Mitigation Action | J1: Owner | K1: Last Updated
A2: CP-002 | B2: Zambezi Delta Wetlands | C2: Verification audit completion | D2: 30/13/2026 | E2: Progress | F2: =IF(E2="Complete",0,IF(TODAY()>D2,TODAY()-D2,0)) -> 0 | G2: High | H2: Verification body scheduling delayed by 6 weeks due to site access issues | I2: Escalated to project lead. Alternative verification body being assessed. | J2: James Okafor
A3: CP-004 | B3: Congo Basin IFM | C3: Validation body selection | D3: 28/02/2026 | E3: Overdue | G3: High | H3: No validation body contracted 3 months post-registration | I3: Shortlist of 3 bodies prepared. Decision required at next steering committee. | J3: Awande Duma
A4: CP-005 | B4: Patagonia Grasslands | C4: Baseline assessment submission | D4: 15/04/2026 | E4: On Track | G4: Medium | H4: Data collection 80% complete. Local partner capacity constraints noted. | I4: Weekly check-in call established with local partner. | J4: Carlos Mendez
A5: CP-007 | B5: Mekong Delta Blue Carbon | C5: Community consultation completion | D5: 01/06/2026 | E5: On Track | G5: Low | H5: No current risks identified. | I5: Continue monitoring. | J5: Linh Nguyen
A6: CP-008 | B6: West African Agroforestry | C6: First verification preparation | D6: 31/07/2026 | E6: On Track | G6: Medium | H6: Document compilation behind schedule by 2 weeks. | I6: Dedicated document coordinator assigned. | J6: Kwame Asante
A7: CP-001 | B7: Amazon Boundary Forest | C7: Annual monitoring report | D7: 31/12/2025 | E7: Complete | G7: Low | H7: Completed on schedule. | I7: No action required. | J7: Maria Santos

Sheet Donor Report Summary
A1: TNC Global Carbon Markets — Donor Progress Report
A2: Reporting Period: | B2: Q1 2026 (January to March)
A3: Prepared by: | B3: Awande Duma, Portfolio Coordinator
A4: Date: | B4: =TODAY() -> 46131
A6: PORTFOLIO OVERVIEW
A7: Total active projects: | B7: ='KPI Dashboard'!P7 -> 1
A8: Total credits issued to date (tCO2e): | B8: ='KPI Dashboard'!P10 -> 340600
A9: Total credits retired (tCO2e): | B9: ='KPI Dashboard'!P11 -> 225300
A10: Total portfolio hectares protected:
A11: Projects with credits issued: | B11: ='KPI Dashboard'!P8 -> 3
A12: Projects in development pipeline: | B12: ='KPI Dashboard'!P16 -> 0
A13: Total transaction value (USD) | B13: ='KPI Dashboard'!P15 -> 1931832
A14: Average price per credit (USD): | B14: ='KPI Dashboard'!P16 -> 0
A17: PROGRESS NARRATIVE
A18: During Q1 2026, the TNC Carbon Markets portfolio maintained 8 active nature-based carbon projects across 4 regions, collectively protecting over 625,500 hectares of critical ecosystems. Three projects are actively generating carbon credits against verified GHG Protocol baselines, with a combined 340,600 tCO2e issued to date and a retirement rate of 65%. The Congo Basin IFM project (CP-004) remains the highest priority for validation body contracting, with a decision expected at the April steering committee. The Zambezi Delta verification timeline has been flagged as high risk and is under active management. No projects have been cancelled or placed on hold during this period.
A20: Note: All carbon credit figures represent tCO2e (tonnes of CO2 equivalent). Data sourced from the TNC Carbon Markets Project Registry as of the report date. Simulated dataset for portfolio demonstration purposes.

Sheet data_validation
A2: REDD+ | C2: Tropical Forest | E2: Verra VCS | G2: Concept
A3: Afforestation/Reforestation | C3: Temperate Forest | E3: Gold Standard | G3: Development
A4: Improved Forest Management | C4: Boreal Forest | E4: American Carbon Registry | G4: Validation
A5: Wetland Restoration | C5: Wetland | E5: Climate Action Reserve | G5: Registered
A6: Blue Carbon | C6: Mangrove | E6: Plan Vivo | G6: Verification
A7: Agroforestry | C7: Grassland | E7: Architecture for REDD+ Transactions | G7: Credits Issued
A8: Grassland Management | C8: Peatland | G8: Retired
C9: Coastal | G9: On Hold
G10: Cancelled
A12: Issuance | C12: Confirmed | E12: Bureau Veritas
A13: Retirement | C13: Pending | E13: DNV
A14: Buffer Pool Contribution | C14: Disputed | E14: SGS
A15: Forward Sale | C15: Cancelled | E15: SCS Global
A16: Cancellation
